mask,text
is,Here
our,Here is
forecast,Here is our
to,Traveling
have,Traveling to
a,Traveling to have
business,Traveling to have a
meeting,Traveling to have a business
takes,Traveling to have a business meeting
the,Traveling to have a business meeting takes
fun,Traveling to have a business meeting takes the
out,Traveling to have a business meeting takes the fun
of,Traveling to have a business meeting takes the fun out
the,Traveling to have a business meeting takes the fun out of
trip,Traveling to have a business meeting takes the fun out of the
if,Especially
you,Especially if
have,Especially if you
to,Especially if you have
prepare,Especially if you have to
a,Especially if you have to prepare
presentation,Especially if you have to prepare a
